sdnn,rmssd,sampen,poincare_sd,dfa_alpha1,lf,hf,lf_hf,total_power,Sub_vt1,Mid_vt,Supra_vt2,VT_label_3class,Supra_vt1
11.83091343839754,1.8411058973495797,0.569897100151344,0.07646774938872784,1.3359147819381254,7.008056375286687,1.2008476135050496,5.835924805505905,17.660485810809543,0,1,0,Mid_vt,1
11.320063824216366,2.116708423101528,0.6097655716208943,0.0958464385062675,1.6526147305854328,37.36528388532944,1.2964859848867567,28.820430240588493,81.28940460568084,0,1,0,Mid_vt,1
6.597744986686332,1.737680119779748,0.783227613666993,0.1381896603400476,1.3217367647455367,3.835739382545242,1.338544812748382,2.8656040096778437,8.143350277081018,0,1,0,Mid_vt,1
5.346119576941552,4.2886479793562104,0.7048237102217809,0.44859834228649315,0.5063141452378048,0.9834129114030841,0.39294945581954666,2.502644797794795,5.683178864396226,0,1,0,Mid_vt,1
3.2945961844269016,2.0160511323161763,0.616536078188105,0.3224498495164924,0.5184269441126009,0.7685581139163054,0.053149896554584464,14.460199619147012,3.6584204373930516,0,1,0,Mid_vt,1
1.7326638657620184,2.136134429463121,0.5190392223033795,0.8041145020546562,0.5247088970340685,0.21920860485544544,0.09252462812182764,2.369191957916463,0.42559345731745557,0,0,1,Supra_vt2,1
7.957762298514157,3.2704425757032007,1.13370360847938,0.21104409117199852,1.148571300479012,10.64466107743359,1.762994468347756,6.037830105848011,17.584525539149965,1,0,0,Sub_vt1,0
9.242772442347604,2.43938278577576,0.905075661054015,0.13625362756882495,0.9974127012376416,0.628528146429827,0.4971379795282523,1.2642931586644304,6.739485211867231,1,0,0,Sub_vt1,0
5.172118345230426,2.3127924050692146,0.8188983858655057,0.2440648801969233,0.5443457419934028,1.82185964669094,0.16950634749704854,10.748031997578511,9.820686056942664,0,1,0,Mid_vt,1
3.669989774060088,2.371606002969463,0.9255500572869518,0.35854031513943274,0.4575563828311985,0.7981906466262704,0.057226124702989774,13.948011520419605,1.9020853154293016,0,1,0,Mid_vt,1
16.197967975776802,3.119106873706334,0.5036053757925038,0.0976894784747112,1.8662076106310168,100.87635456656012,4.818919708564955,20.933396003105535,176.9913215854387,1,0,0,Sub_vt1,0
12.19258291771867,2.254966914110081,0.5860758004984896,0.09639125150583054,1.7418320932189575,36.19430064406035,6.190630026535446,5.846626351262716,73.61275591362529,1,0,0,Sub_vt1,0
8.833690091512471,2.179849018658112,0.74493247987747,0.1307979524668417,1.4638593607525532,18.11350943694473,1.5386142769016735,11.772612349223827,47.76065028286694,1,0,0,Sub_vt1,0
7.934462100846995,2.1435654939425124,0.6455191315706906,0.1381370081366021,1.6173556677857306,49.90632073892615,6.283739669764369,7.942136905999093,70.68129498503049,1,0,0,Sub_vt1,0
10.667242866535561,3.1349321950660536,0.8131648540177452,0.15320958823706932,1.5435394035329837,100.57711315684662,5.568123146705136,18.063018813864023,122.78112384243215,1,0,0,Sub_vt1,0
11.779105815951802,1.8532197339256367,0.5634693572514127,0.08022281655408464,1.617362217376449,17.817840127365248,1.091515220021912,16.32395023040316,32.921253089622176,1,0,0,Sub_vt1,0
10.353694911354728,1.8807120330201421,0.6399835614376513,0.09955226720243186,1.4072654092071453,7.879778637988223,1.0842348684021323,7.267593828264236,26.81026035261199,1,0,0,Sub_vt1,0
6.013363925327364,2.0703274730062544,0.6828906803927562,0.18148909078954883,1.1124665106594758,2.4571352446213064,1.104861318052138,2.2239309173690835,5.710174556425714,0,1,0,Mid_vt,1
12.257527117147674,2.0256256654510625,0.4662838481432036,0.08644239463921258,1.2372164209178464,10.5692697400687,0.208123298235116,50.78369327074877,48.3580623511756,0,1,0,Mid_vt,1
8.214030231605067,2.1057443229274373,0.7238194800930289,0.1365498494268008,1.131118035388241,17.600423599177866,0.7441646301247462,23.651249853446355,46.47594883039794,0,1,0,Mid_vt,1
6.856155294802355,2.279943165260507,0.7152381383741373,0.1794652766070292,1.173967902971015,4.3105194909354205,0.14596549548401003,29.531085251634842,15.610814813932741,0,1,0,Mid_vt,1
6.937864990772573,2.015813348460206,0.7774725500254825,0.1513694671513045,1.1905128175383202,9.136011317483804,0.7629611163082943,11.974412748174917,33.69642603183224,0,1,0,Mid_vt,1
2.5829152252982364,2.231881784135397,1.179033855978684,0.4878106182155478,0.42380209529734886,0.5318536604131502,0.10037687980787263,5.298567373593899,1.2009534297103968,0,1,0,Mid_vt,1
2.2814807926265526,2.4895209294269516,1.187664066284012,0.6642777520514198,0.24289096299553897,0.14089929977853596,0.27656535226093826,0.5094611404743067,0.7253097995633611,0,1,0,Mid_vt,1
3.3556756577325033,2.3957374668006235,1.1125207187142416,0.3943438694064,0.6237373696991954,0.40709181144041573,0.121841058982974,3.341170988158454,2.8408900292598056,0,1,0,Mid_vt,1
10.19992530137264,3.6401661321138943,0.9576759480370094,0.18345978856340056,1.6357413920218165,45.57040145736113,36.27362420498816,1.2562957922217908,103.19994192576345,1,0,0,Sub_vt1,0
8.89915959637443,2.8361112466959635,0.8991229282517896,0.16461789398501925,1.5662182532463191,23.52137450333851,12.45703588644083,1.8881999472234752,46.718048224125155,1,0,0,Sub_vt1,0
11.119746247895073,3.337436087225091,0.9326510149793619,0.15564465859832266,1.5510168530962565,11.467312943412239,16.27533541452153,0.7045822805704285,37.38703897601766,1,0,0,Sub_vt1,0
8.225737130872012,3.031066945762292,0.9768212316141873,0.19283256425115164,1.4873517028171923,22.61684497156375,9.109088414710202,2.4828878524265905,40.93358567488035,1,0,0,Sub_vt1,0
10.496476250345333,3.7693746289269856,1.0721206732211332,0.18307817122081682,1.4537308222715835,33.37802544018384,7.88781370202879,4.2315940387383675,50.536400152727154,1,0,0,Sub_vt1,0
11.333100533069876,3.25784108601948,0.9341306500024861,0.14554822762871483,1.2815800491749463,14.394925086054828,2.5645652701373396,5.613007886238723,59.60524809804338,1,0,0,Sub_vt1,0
8.643230440048765,3.3310557167704613,1.0195437651924166,0.1995103089702435,1.4715332626003386,20.589495056123738,4.948104638595434,4.161087236418723,32.27226757021986,1,0,0,Sub_vt1,0
6.8114647276485725,2.7963433686016783,0.7824782693082121,0.21587589148515318,1.4469389234808938,19.45105257409891,5.500399244148904,3.5362983141251303,29.362638414188414,1,0,0,Sub_vt1,0
4.5507489948604265,2.7178448282686167,0.7814846418176318,0.32143420172301,1.190665532229202,6.944820563052069,1.9194900619653947,3.618054972340499,10.32785831863739,1,0,0,Sub_vt1,0
5.484728127626855,2.8920422783882827,1.0355541527009728,0.2798610569568647,0.9324836499358928,5.869408948169618,1.2136715849636222,4.836076761528156,12.270178863999135,1,0,0,Sub_vt1,0
5.311469848158961,2.8571667952459006,0.9555114450274363,0.28393431424182614,1.2032061236963498,16.843725345588197,2.473681122561118,6.809174065309233,22.248802580162156,1,0,0,Sub_vt1,0
7.885595102954309,2.9298935049897947,0.8674168821948202,0.19415746819882734,0.7659791980723196,2.0702778114069393,0.13809468277019527,14.991727196709734,15.221006003282675,0,1,0,Mid_vt,1
4.446220926977954,2.3319011939063783,1.0613681154957386,0.282116467203187,0.7360685836129982,1.148211880333047,0.3324373163869681,3.4539199534281226,6.860989958764324,0,1,0,Mid_vt,1
3.07170273420648,3.5315409244426545,1.058982493897342,0.7139754323704162,0.4223114379683322,0.12730997662079202,0.13499643352838847,0.9430617779544519,0.5376416409064099,0,1,0,Mid_vt,1
5.1832276811301625,6.9924707714177465,1.2518640920303508,0.9131161129608383,0.1725722486089142,0.18692553136423293,0.16901977599853824,1.105938818460211,0.9986550428439369,0,0,1,Supra_vt2,1
15.854077330204015,2.2776406657016848,0.49163117650984356,0.0735162196941064,1.6889192923867873,29.968260548484686,6.5218894343986396,4.595027384307068,77.20780962425037,1,0,0,Sub_vt1,0
13.168992325648535,1.958374345170338,0.42765302308352665,0.07659555894711878,1.6159563034735032,3.740402173298633,1.7523301178986044,2.1345305516885857,26.88707163299422,1,0,0,Sub_vt1,0
4.417817390747617,1.6893386161683233,0.5611343911126127,0.20725641726962168,1.1202209449969585,5.44266682310638,0.3417070055960521,15.927876028214687,15.64168558787937,1,0,0,Sub_vt1,0
10.819487556725141,2.0793068565471073,0.5820589741587945,0.09830886705514086,1.7525846050437701,24.844221482813705,2.1745182455091214,11.425161197944748,51.50750807237962,1,0,0,Sub_vt1,0
8.992681636043278,1.6773099657652606,0.5140866325507286,0.0996840975406835,1.2493707639645357,6.236619206507981,0.4536688938229246,13.747072570821329,20.698140220966664,0,1,0,Mid_vt,1
4.7608324967867865,1.824889627975452,0.5219989243641159,0.20203517489868472,1.0915531869928563,2.031979371613718,0.29718159076073025,6.83750082369579,4.414276847468115,0,1,0,Mid_vt,1
3.0893821250710465,1.6864480765466634,0.6118782311631646,0.2771053693108713,0.9280472446127306,1.5159935163115545,0.06059740068694246,25.017467731717762,3.8672311821826786,0,1,0,Mid_vt,1
3.8473343023094237,1.7823670855321867,0.5971502661515455,0.23613729270028197,0.7266159761549741,0.29393300313480464,0.16989414418740728,1.7300949631940947,2.127445806551894,0,0,1,Supra_vt2,1
3.189907759498359,1.6412764010945837,0.6137735930184332,0.2763580579042132,0.7527107512426854,1.110665834385813,0.13292017327001343,8.355886146263227,2.226855168012124,0,0,1,Supra_vt2,1
1.427925440261593,1.7668581171922568,0.30821431057856674,0.8081315437987884,0.40114220220754376,0.08087628152030184,0.09865747987705693,0.8197683705390273,0.2224237308726912,0,0,1,Supra_vt2,1
2.7854941304626246,2.4457375672759714,0.7520402002121022,0.5223985533013111,0.29322767104880026,0.3243963373401722,0.04843075398071457,6.698147575182266,1.2312297090934012,0,0,1,Supra_vt2,1
2.347472580760605,2.1666361657643045,0.8268750947533425,0.5261527197710026,0.41664777804993475,0.20103682951631627,0.28165745610773474,0.7137635633527101,1.4537469342820535,0,0,1,Supra_vt2,1
2.025316117606912,2.5314765444506544,1.0061677561461084,0.8086927089202375,0.3101774786589436,0.1048998709400771,0.11297995585294926,0.9284821378104545,0.36776826855816935,0,0,1,Supra_vt2,1
10.47544060541623,3.495442784519512,0.7352183944806323,0.17166009264363027,1.4823467841785656,61.81108650379289,10.432337435510618,5.924950844994164,98.68593721235696,1,0,0,Sub_vt1,0
10.035938854507942,2.848086251807239,0.7059405320198547,0.14777078707183328,1.3244569213358701,28.958543745013756,4.156343679714283,6.967312132139284,56.534111709376454,1,0,0,Sub_vt1,0
15.245558562156198,3.0884594457495966,0.6407542464989994,0.10502325223638022,1.37050343066646,15.88736917594193,1.4462865016695727,10.984939123473652,57.45522326656718,1,0,0,Sub_vt1,0
5.727884886826185,2.7903408726306034,1.2051768983907407,0.25842489604891705,1.114634206703728,8.194217232548493,4.057195554773655,2.019675197294166,14.956241792419254,1,0,0,Sub_vt1,0
12.027350309365197,3.2132681729430086,0.7644102005814359,0.13637058509066607,1.1401762752055247,33.349836155525374,1.249622607451037,26.687926384071996,75.7769802140043,1,0,0,Sub_vt1,0
4.223667846350206,2.4016074500310647,1.2337147735246734,0.3008158443333022,0.8297847519353003,1.2771001529865313,0.14843139323875532,8.603976053315664,4.012251658333548,0,1,0,Mid_vt,1
3.7754978464378017,2.5087063388643123,1.0329034923823481,0.34519719844613767,0.6614588382456086,2.2597279400902304,0.263376647422249,8.579834097695853,5.445045445304481,0,1,0,Mid_vt,1
4.475012607087614,5.412207136958135,0.9855351440491389,0.7590371915874283,0.3513835314350909,0.5728431948860571,0.9883786078580907,0.5795787063091765,2.293296291297869,0,0,1,Supra_vt2,1
4.930840347498972,6.781915388875718,1.1309680523075512,0.956085223010531,0.0885974324988869,0.2419530738965482,0.12365971571886,1.9566038340782521,0.5623082500482565,0,0,1,Supra_vt2,1
8.535453409252455,3.0141828066445253,1.1585104302491787,0.18243966504019254,1.2138021995318107,20.319565646824596,7.099623836067204,2.862062288933959,60.90604073742561,1,0,0,Sub_vt1,0
6.418919462727022,2.5932594658098913,0.9744394549129552,0.21691481979388022,0.9686608849423349,12.637677117715752,0.8000417466549461,15.796272095243946,16.802401716753607,0,1,0,Mid_vt,1
3.1136553566160186,2.3885499164741013,1.218372446843984,0.44055993339203153,0.6570667913719604,0.35198655869047657,0.1787962578088194,1.968646117117527,1.5822375088457508,0,0,1,Supra_vt2,1
3.6990968407659945,3.2615599146084664,1.0799201556559572,0.48939005324511603,0.4624492921691276,0.24290633243434268,0.18100191517986322,1.3420097361564627,1.5050768247753277,0,0,1,Supra_vt2,1
6.231707615722738,8.224041323417943,1.228123264558219,0.8735291870913409,0.2776391207960205,0.2268281122910639,1.2661223245513495,0.17915181487021045,2.9980648254204003,0,0,1,Supra_vt2,1
11.208096609999114,2.8876750942649116,0.7616290658324057,0.13298317402704868,1.4379207331559962,30.24604161765729,12.374847637196098,2.4441546679527817,101.92422958105588,1,0,0,Sub_vt1,0
10.611936337204817,3.368310702887348,0.9528554009693201,0.16495874907957678,1.2502491832388918,41.44868865419356,4.2047684098917335,9.857543772609537,65.51349739511492,1,0,0,Sub_vt1,0
8.182014509474852,5.966861420899304,0.9781661355922425,0.4027252826992131,0.7787054673584642,3.1957088961263045,10.258009512308126,0.31153304081965577,16.23428835437235,0,1,0,Mid_vt,1
6.116024118386303,2.4838463650426714,1.0682715716154374,0.21238470906276236,0.8740526140777196,0.9854782985443419,1.0202873063690658,0.9658831315381154,7.502438797420307,0,1,0,Mid_vt,1
7.147260709694808,8.084208105428484,0.2920951422793695,0.6851693088240925,0.5780826484153967,5.234398791711399,13.444595210565794,0.3893310813551164,22.979428251255495,0,0,1,Supra_vt2,1
6.105977290494681,7.528943602234948,1.0608719606852628,0.7789624915463595,0.4823129980370468,0.440404814347747,1.168740885745477,0.37681989200440813,2.7428306094663637,0,0,1,Supra_vt2,1
5.284637256010584,1.85944619056316,0.7292715098071156,0.1929266166335294,1.0703701031327584,1.3996358410583523,0.7987706173459348,1.7522375143303404,5.556124650373692,0,1,0,Mid_vt,1
12.140476587721956,2.0027283532522024,0.587786664902119,0.08436649104988804,1.6073227477756036,14.778756495740618,1.0202128098153456,14.485954649418208,60.79990533820424,0,1,0,Mid_vt,1
9.291601976412545,1.9551286163421926,0.52401625195194,0.10861470373815593,1.1146343330307664,7.479695958401032,0.8254693801282823,9.061142833957872,34.313438025609514,0,1,0,Mid_vt,1
3.1888371989957194,2.0345232017247725,0.8286374376698008,0.3484428151558698,0.675348927169651,1.7288296648944996,0.3128806825208668,5.525523822581151,5.738077331506765,0,1,0,Mid_vt,1
2.6818258079244472,1.8691576659847235,0.6734313173955279,0.3857950568974371,0.6738044663304189,0.7074818406557887,0.14550265248830857,4.8623295077911814,1.099942215283417,0,0,1,Supra_vt2,1
3.320627534564148,2.1695358637188487,0.7845813865195771,0.35025406828459676,0.5212098278148994,0.11839739072862102,0.0763157063340892,1.5514157755457278,1.4931330441384836,0,0,1,Supra_vt2,1
2.38566663572125,2.64941430189468,0.6554068525770982,0.6880956869105032,0.4108235506702477,0.1889959055072873,0.2531360984295925,0.7466177549538822,1.1457464311673724,0,0,1,Supra_vt2,1
2.098014779450126,2.215326359076906,0.9521974403373991,0.6429718119307951,0.6209705383184905,0.2518783369958906,0.31971161250159497,0.7878298039444345,0.781401671635495,0,0,1,Supra_vt2,1
8.577911660718431,2.736253457615281,0.8653016199984557,0.16411653070890891,1.186693731084695,24.625549088650075,1.9904037625131117,12.372137529300845,53.76946982314349,1,0,0,Sub_vt1,0
12.704959459439294,2.4726134869264946,0.7005821590474633,0.10237883750460279,1.4136066666591174,20.31212972175959,3.018586868353792,6.729019441086006,63.83995658873099,1,0,0,Sub_vt1,0
7.932343493902561,2.028592428349926,0.8220808639358385,0.13414699279146977,1.390355036861598,9.675647939906312,1.478154937731766,6.545760321143079,17.010854756657764,1,0,0,Sub_vt1,0
5.089238135396913,3.0507035764429227,0.46766444689256326,0.32352614028670745,0.6931935945649215,1.2613955755985264,0.9704657765702613,1.299783677129187,3.748280980964091,0,1,0,Mid_vt,1
2.2891061269565647,2.8280086575986183,0.6677220821941351,0.7856120685231847,0.45602025731651946,0.6188438167004632,0.17958844431228482,3.4458999802034085,1.0403162487334794,0,1,0,Mid_vt,1
1.6085405524832994,2.1079490158810157,0.8136699439574492,0.8836718253087494,0.39431595525210666,0.06566240600739726,0.1878988829832574,0.34945607427186276,0.37765988102095743,0,0,1,Supra_vt2,1
9.049950117416444,2.0108927850627607,0.7010274419852512,0.112950439143568,1.6758232274213,57.865978594640644,1.8236919536586784,31.730127710741012,84.4868400243542,1,0,0,Sub_vt1,0
8.371062582764335,1.924263256421856,0.7386095546367026,0.11697366252746516,1.6464535943607177,27.202894777193627,1.4560853827223514,18.682211290614074,43.31079932188221,1,0,0,Sub_vt1,0
10.769897162706789,1.872735070775809,0.6405762935506073,0.09228287946414625,1.6704591124541543,18.93750360377735,1.8250678648552756,10.376328446985756,41.48303324847298,1,0,0,Sub_vt1,0
7.83478276532159,1.6968093477957842,0.7050167561153292,0.1145025452151367,1.6834085226833304,34.81461829491365,2.257678510019945,15.420538460370112,54.59166067605873,1,0,0,Sub_vt1,0
5.060779316780698,1.7786421304657636,0.5439347823732695,0.18712509156311033,1.3205932914135168,13.412681531057993,0.7513664059016226,17.851052995859032,22.4919841217932,1,0,0,Sub_vt1,0
5.841716822488619,2.0900416683542584,0.7267140041990285,0.19085093421296329,1.3288851323873352,8.604700972912962,2.9848667623747756,2.8827755668621595,20.876493472560266,1,0,0,Sub_vt1,0
9.83068671071389,1.9601273366781395,0.7257510606527612,0.10607539754290064,1.6016891079494908,21.34663513772307,1.1880767295672758,17.967387632866096,35.2113246630176,1,0,0,Sub_vt1,0
4.51161042039333,1.755584042133814,0.6848483777452502,0.21332955219604832,1.0684969295442253,4.887739982651993,0.9345265983380029,5.2301774945138355,9.20757558137055,1,0,0,Sub_vt1,0
5.8176918765889445,2.0153893758413255,0.7777045685880083,0.17845972570623234,1.091191890478632,5.438594402507734,1.0866438363406536,5.004946626138852,20.16112990991,0,1,0,Mid_vt,1
4.175703948438856,1.8110209708338492,0.8961763676813893,0.23069789806971494,0.8402668615502958,1.6425993005464408,0.503772439303906,3.260597786604053,6.459534509728906,0,1,0,Mid_vt,1
2.87073392365186,2.505189035254682,1.0828390909910155,0.4792297964619655,0.3378899453539348,0.44028281455527246,0.16905859535759077,2.6043207896291305,0.8418189282631556,0,0,1,Supra_vt2,1
3.282177491145987,3.0248664965786185,1.1447033958683768,0.5249217462440043,0.39676015086302857,0.17347030255182797,0.15045247913872856,1.1529906555536067,1.1887362838942515,0,0,1,Supra_vt2,1
20.208098312284037,3.7612440899160133,0.518955749849241,0.09511293858911338,1.8452047863135215,187.27071224181745,18.526832728982708,10.108080262896632,284.3971833143807,1,0,0,Sub_vt1,0
16.977620726253665,3.6372783485803994,0.6006819528878516,0.1079945833330337,1.8017851638998919,248.74957313990097,12.419600498314965,20.028790231509475,291.2461206752397,1,0,0,Sub_vt1,0
15.335505577868739,3.3863569544965872,0.6214464312336501,0.11320469015848064,1.6907739700861013,178.33919632887597,8.396644063496108,21.2393421681639,206.93229866955883,1,0,0,Sub_vt1,0
18.623058456301823,3.425808410913335,0.4722789430828711,0.09374059724345593,1.554948236261446,63.0807256282891,10.532672156765882,5.989052416083024,132.13047051882296,1,0,0,Sub_vt1,0
15.163614035633286,3.2233522267440016,0.6761976222461721,0.10930418356822796,1.6796653976792095,192.04653149511577,4.623282795124989,41.53899728946256,264.4789471105249,1,0,0,Sub_vt1,0
10.226185678429646,2.5006058947478746,0.9135472459284042,0.12714956260060797,1.5678526800804318,24.8364465368672,4.00143805283761,6.206880178803342,49.986489345506804,1,0,0,Sub_vt1,0
10.294860542538709,2.7782811950013206,0.8324756908687938,0.14051018070649304,1.4797696172810766,49.42878745653233,3.3101792941037065,14.932359568733304,83.79867972756038,1,0,0,Sub_vt1,0
4.618755703550742,2.8153542586854274,1.08462604669337,0.3260675239000451,1.047272166604686,4.400299231057934,1.8901630443480242,2.3279998221400704,7.307843298444989,1,0,0,Sub_vt1,0
4.139839198912637,2.630626256778866,1.2190373337873317,0.33329034274350433,0.9393390365201452,1.6074730935025672,2.091349105833518,0.7686297275852949,5.977644410148101,0,1,0,Mid_vt,1
5.729513284712779,5.957563528768889,1.0943569630979713,0.6179139973962988,0.497378407659952,4.0960755293607765,0.9139116132049836,4.481916489709883,9.84871245509456,0,1,0,Mid_vt,1
2.7582176168011188,2.903704384191079,1.0309331900874423,0.6064916405004277,0.4892877868320358,0.9089802893156846,0.48701344027019144,1.8664377903233822,1.7580420059386048,0,1,0,Mid_vt,1
3.8909258583486075,4.181891728629939,0.9820247104165,0.6430367388131214,0.2831784799461379,0.6558942195120314,0.194240938671681,3.376704334304457,1.358618849212538,0,1,0,Mid_vt,1
5.052554398863132,6.7020393007842705,1.0893956335631858,0.8876986824635376,0.316671656869124,0.27204583225544104,1.2831621876192671,0.21201203938232085,1.7807612634495804,0,1,0,Mid_vt,1
2.6019757048899708,2.8855939767904664,1.1703192992842935,0.6728514894518843,0.3904353399964203,0.24026777470529315,0.17189534354477487,1.3977561564528873,0.5692313634142324,0,1,0,Mid_vt,1
2.669338237266255,2.4520384393586188,0.8897821253729684,0.5279404491937812,0.3941954359554381,0.08217528401962765,0.13081529142727674,0.6281779685160951,0.680998007518952,0,1,0,Mid_vt,1
17.028026944801997,5.378902216471592,0.8379216647586483,0.16254847498908806,1.4969501025282843,82.60415807710578,27.176245685951415,3.0395720965904967,146.26509832040372,1,0,0,Sub_vt1,0
15.925187189791815,3.122430352216107,0.6174995622206305,0.09913443089849838,1.651788801609436,117.4864603450988,6.110466773824655,19.227084393679117,149.98306758146072,1,0,0,Sub_vt1,0
13.22831316217458,2.9621954680747855,0.6633987051591707,0.1135313032047039,1.7648188823580397,106.22384749580729,3.794961125568795,27.990760374359905,136.91547824029522,1,0,0,Sub_vt1,0
10.432537225899729,2.922923438259106,0.7613098319909077,0.14385176280850032,1.5746477395179808,52.585580993725486,7.794967896175368,6.746093337924689,71.63505878150825,1,0,0,Sub_vt1,0
11.584530878862095,2.4336962226559335,0.5629636317051069,0.1086402948261735,1.6381291972550867,69.76133999975424,2.646400235302744,26.360842577454523,116.05428452097887,1,0,0,Sub_vt1,0
7.809730045208677,2.442065531234447,0.8705547225514709,0.1608934014527289,1.4901503695724923,28.236479618022038,1.0216940142969893,27.636923798022927,33.45269823097964,1,0,0,Sub_vt1,0
4.615840289503823,2.1644079924545303,0.6017450171528259,0.25044957054358785,1.2278750634991378,5.921395652112299,2.5197125710510484,2.3500282215293726,11.32974591411191,0,1,0,Mid_vt,1
4.947812067664516,2.020029931758472,0.8244278407465889,0.21624524200531436,0.8375186082999079,1.3175107039142777,0.3197914764012909,4.1199056295703045,3.602254248939102,0,1,0,Mid_vt,1
2.16140755648423,1.766013635371179,0.723918839226699,0.4865657881293362,0.6801767171117193,0.6513401641111107,0.3143954231262396,2.071722793017815,1.5263924079421507,0,1,0,Mid_vt,1
2.4432542462795923,1.562595344533701,0.546675276659688,0.3434548687102492,0.9329259454946959,1.6217763185483542,0.13180261583877625,12.304583700615968,3.889829866693428,0,1,0,Mid_vt,1
1.840629551839191,1.812043510241303,0.5847501349275912,0.5923566139544936,0.5908780962128799,0.40156139301112365,0.26487008313599325,1.5160692678340288,1.2691682923857692,0,1,0,Mid_vt,1
3.5645011084645897,1.8611948294472476,0.605712881170271,0.28016234761109504,0.6232114457639246,0.5273013582610311,0.1503603630919269,3.506917298002606,3.8175774066554755,0,1,0,Mid_vt,1
2.385760196548825,2.4058279056143275,1.083797202882969,0.5945449267924361,0.5413246858727262,0.22345065074888917,0.2777153230221259,0.804603247373162,0.7146284165243489,0,0,1,Supra_vt2,1
2.5650366194696006,2.397395221601577,0.8242325874562075,0.5588761954138973,0.3528463717623981,0.0747470713758913,0.16650743329111395,0.4489113182425133,0.6303599385152076,0,0,1,Supra_vt2,1
11.88760265462197,5.434734741341033,0.9808292530117262,0.23391580276474033,1.2007613488479303,54.97780791300825,8.206993668510139,6.698897322652459,69.08024197747744,1,0,0,Sub_vt1,0
16.05962205254504,5.119518590974972,0.9150924093820463,0.16260990683817889,1.5774209590836146,152.8191283955942,29.476613897543583,5.184419381641705,203.45337491473083,1,0,0,Sub_vt1,0
12.866158397231244,4.702578039192286,0.7630168605204313,0.1869831310826492,1.3562177454945057,65.78850766864062,12.984495276594501,5.066697339189549,138.46225900567418,1,0,0,Sub_vt1,0
18.289209348165237,6.574094131185414,0.7585910888123291,0.18614264745260498,1.046648490935822,63.30867533297296,4.750672206099267,13.326256282572508,134.91135619438612,1,0,0,Sub_vt1,0
15.129454414260568,5.10904249436832,0.6659961914939944,0.1723230672440628,1.0659162759836207,34.00368571124628,4.41363849764371,7.704229906776388,77.06221684299727,1,0,0,Sub_vt1,0
5.6512190651043515,2.0427162979724556,0.7272801869294038,0.20081782166988432,1.124623661306366,9.387405677543306,0.4153392929458457,22.60177603462933,17.543810987256677,1,0,0,Sub_vt1,0
5.7716674065334015,2.687257177563968,0.9872601433420166,0.24362517146435286,0.6433917058649501,1.0355103149474956,0.4521155948341721,2.2903662841519594,3.9814102175942097,0,1,0,Mid_vt,1
4.380676689408823,4.329353431461045,1.0819914074320693,0.5702801965913085,0.4432441983219617,0.17978904755437625,0.7116585522485657,0.252633860699506,1.6533951655942736,0,0,1,Supra_vt2,1
3.3638694319007816,3.7581820897380154,1.1465881205449835,0.6745466805151988,0.5222669106167663,0.31603109173678445,0.6006103108064439,0.5261832606777049,1.1365024235402161,0,0,1,Supra_vt2,1
4.356056740554278,5.638572947684908,1.5955488002734333,0.8655453495370665,0.18432261962442859,0.08708276057099965,0.2936868474758575,0.2965156979941306,0.9338322902844988,0,0,1,Supra_vt2,1
21.11055729686334,5.671035039408336,0.5744050962062875,0.13567114420327897,1.6033856104160675,173.6636273884839,39.60228986526581,4.385191562894952,262.99066480472146,1,0,0,Sub_vt1,0
14.062084719939298,4.468791515660525,0.7917491573644849,0.16342831597782917,1.5947875586346314,102.52780097915101,46.39668886547686,2.209808576565052,182.72842712534907,1,0,0,Sub_vt1,0
12.127359970756881,3.58551677365857,0.7828840975306252,0.15253324370078983,1.6886965819036963,167.92299546691567,20.047975278277267,8.376057588661661,205.84534433104497,1,0,0,Sub_vt1,0
18.080479076953534,3.1932906876564635,0.5291565804507141,0.08935561452588296,1.584267370108593,61.66421959359437,6.070275644866937,10.158388712667112,106.8705295295655,1,0,0,Sub_vt1,0
5.76193940587335,2.06403271764696,0.7245223031276993,0.18403345996229925,1.0176553153500607,3.7767545358847143,0.8286447909244785,4.557748479503713,7.061319725495934,1,0,0,Sub_vt1,0
7.30432511256142,8.057873592954666,0.643909033324926,0.663491994734681,0.3860430569463661,3.214293676220028,8.246404760626842,0.38978121612062333,13.459584711126993,0,1,0,Mid_vt,1
3.2416469656174898,4.2535185388119245,1.0218322266293898,0.8984817712150919,0.4619198940470288,0.14913717219162947,0.9917638585812949,0.1503756876208095,1.2390358557328447,0,0,1,Supra_vt2,1
2.99519391074969,2.454946965625034,1.0340737675305385,0.4625068120866733,0.4935176986563148,0.09079364102837595,0.138790526606629,0.6541775094326893,0.7759415682088262,0,0,1,Supra_vt2,1
13.764281393851233,3.754444361874172,0.7085152107882593,0.139483777883681,1.6929415717089964,93.01144268251002,58.42097792097661,1.592089793640948,170.24950963397453,1,0,0,Sub_vt1,0
8.556969281827476,2.492057346506645,0.930309653053486,0.15179408051796606,1.6384819244473958,66.62552241716567,8.210480600925063,8.114692142340495,106.57024329416353,0,1,0,Mid_vt,1
9.743812594516392,2.162780308975106,0.6820094361494893,0.11494482523330633,1.4840251636031776,5.154143905846887,1.0583577574316616,4.869944845828459,28.15803056130514,0,1,0,Mid_vt,1
3.740440826564679,1.6181396859574027,0.7379726119400097,0.23348850433758836,1.2801054264722218,4.741153631509083,0.6857015683017593,6.91431061365551,7.613757640939058,0,1,0,Mid_vt,1
7.3458488904811166,1.8134483418271832,0.6100132803167362,0.12491957632892568,0.97278619626826,1.1409113107462237,0.44990865300184657,2.53587323367515,11.057929051660611,0,1,0,Mid_vt,1
4.778047141005011,1.7037843788248224,0.3446023627044631,0.19503895475404365,1.0640447322808422,6.58478215908434,0.3817553023036239,17.24869862802121,15.992786091937273,0,1,0,Mid_vt,1
2.3175950173380917,2.1143780931180136,0.7082262873870656,0.5369091412289431,0.47436588292567705,0.4631899356621188,0.0956464428708941,4.842730390792932,1.9732992212489961,0,0,1,Supra_vt2,1
2.2577250029490594,1.8053078783504284,0.6339450822687435,0.4402176808328791,0.5217648752206849,0.350076053716224,0.15710577822835428,2.2282824837122552,1.5022727386420838,0,0,1,Supra_vt2,1
1.7203541981782757,1.8917949935571836,0.7368740427728305,0.6895615069644974,0.4094496139563758,0.335600953148331,0.12932690241780126,2.594981762295244,0.6967275543228605,0,0,1,Supra_vt2,1
11.593770610752669,5.005167402483758,1.0893098960057963,0.22278463027845666,1.429927226156788,115.62425482494658,23.504393173191843,4.919261432233992,169.15192982782483,1,0,0,Sub_vt1,0
9.220869909962046,4.259903516575781,1.2460962771371789,0.2413398975823268,1.015288126426563,41.59957341891712,1.8683044436277423,22.265950049415924,59.856594947199746,1,0,0,Sub_vt1,0
7.9438072928737675,3.789025074250852,1.2567233697114648,0.25091379824898796,0.9155014877296699,7.87075395911238,2.782724458642703,2.82843453460405,29.4853675582829,1,0,0,Sub_vt1,0
4.733362356111942,4.01991129153669,1.4437052683332297,0.4799763285967125,0.3732008525624098,1.629188729658655,0.4413635776409254,3.6912622884892725,3.653592615995093,0,1,0,Mid_vt,1
9.688247209531509,5.221369351312316,1.3467287609136995,0.2825878072926468,1.0662663330024502,32.09576855459439,4.886732261965133,6.56794087214582,55.15854382858002,1,0,0,Sub_vt1,0
14.553328593836376,5.238784224656447,1.021363436334139,0.18359314587700423,1.3507985142243342,82.48496328004582,34.15653178677871,2.4149103836114314,149.3155908083807,0,1,0,Mid_vt,1
6.284659438885761,4.402768287601564,1.625967214385311,0.37655995492155464,1.0111493984165656,20.318297164736094,4.084982410551226,4.973900771825931,30.74491605523346,0,1,0,Mid_vt,1
4.495710795932047,4.08041143289756,1.6094379124341003,0.514565200867326,0.7073076469440619,5.420291579188721,1.0086008740074386,5.374069881233065,8.73233634548725,0,1,0,Mid_vt,1
4.5745719928992035,3.0553318102432314,1.3470736479666092,0.3741760189158157,0.8121301364774404,6.221478902843957,0.49492926955611594,12.570440435708672,13.743502415058732,0,1,0,Mid_vt,1
3.795034305450381,3.6365856934714675,1.1970523614813622,0.5498774761512226,0.5531697567858368,1.0824188595182844,0.5968332316268739,1.8136035363978984,4.2436842952742655,0,1,0,Mid_vt,1
2.4582443410221186,3.0304567338873554,1.0737147370463824,0.7978063969280367,0.28982793276945484,0.06969554048392579,0.13768789086685912,0.5061849669214535,0.5040235975792842,0,0,1,Supra_vt2,1
32.10840305321663,5.096797991330181,0.0892915037964811,0.0799098933678437,1.410956678764149,149.7743632526406,34.602590375927846,4.328414769688308,505.8882173423102,0,1,0,Mid_vt,1
22.979069623890407,4.976635079466279,0.19736566082794305,0.1100653489558468,1.4277222300474015,168.93226079584997,44.65019816441021,3.7834604938103618,458.9929891221787,0,1,0,Mid_vt,1
35.65865387531934,6.301127079133126,0.08752909861192926,0.08869668844173674,1.5276702185340956,358.56049905362096,78.36325683080933,4.5756201765295845,999.866247971605,0,1,0,Mid_vt,1
18.79552965088741,2.496088356914055,0.09188914527128239,0.06601433516238639,1.4320120115849169,35.515528553622474,7.4066102840946835,4.795112364679191,131.88626966486999,0,1,0,Mid_vt,1
17.801486840576928,3.6488889742074235,0.24293680131002038,0.10426737146361377,1.419488548706962,54.41471918467393,22.348080181720494,2.434872201200629,195.17427847643285,0,1,0,Mid_vt,1
6.32167307838215,2.330990636516659,0.38342454449238517,0.18877894933037878,1.1449050271238517,11.090430289794512,4.348792886492065,2.5502318871618095,34.139178020617514,0,1,0,Mid_vt,1
6.685654059619607,2.0697030722877767,0.6143292127823047,0.16306577794805013,1.0469782090291815,6.709004976796378,2.3753887836951506,2.8243818539716528,20.046086263260563,0,1,0,Mid_vt,1
6.5998256371919215,2.216443024581216,0.478277463583132,0.1738828355839605,1.151424745890946,12.857577602050156,4.636649754128558,2.7730318837651113,36.69873917784443,0,1,0,Mid_vt,1
9.758894430713394,2.6562613942056466,0.532539383989775,0.13760072440382576,1.190192054389584,14.038512309307487,6.703774558414973,2.094120586391963,54.387851406537756,0,1,0,Mid_vt,1
11.027179507036617,3.913945930562256,0.6474539529010466,0.18227197569898893,1.412047708617161,83.8693854138545,25.46371471396738,3.2936822594800117,172.1512228773725,0,1,0,Mid_vt,1
8.169875242416447,2.558370026742784,0.9779348949853618,0.16227920283137137,1.3088695447864382,26.38463717560068,1.6308861810048338,16.178098436853748,48.66886310899562,0,1,0,Mid_vt,1
8.586696086971209,2.8163487417026656,0.8864148982513972,0.1697860982548906,0.9457924197819305,6.710526270912469,2.4448674277914724,2.7447403465039018,28.199650431383994,0,1,0,Mid_vt,1
14.403565501746623,3.8568212717281583,0.46282722527529263,0.13259871522396913,1.3588626653679103,89.0525074894132,20.949378367837827,4.25084247970477,216.35470841089733,0,1,0,Mid_vt,1
31.209784231969646,5.532104348693038,0.0862363333546305,0.08888167501612225,1.4564978303450709,207.77170545529387,66.69660771850799,3.115176506910084,630.1188726519746,0,1,0,Mid_vt,1
5.496846013993207,3.0165892029403576,1.2219913098286144,0.2846093905961393,0.86396283844574,10.732402699854315,3.2722178382078724,3.2798558135518983,26.728242256673425,0,1,0,Mid_vt,1
4.614141524295027,4.624044041753698,1.1029886632679087,0.5833332422376651,0.5718750951430729,5.468152895312247,1.7959245023457444,3.0447565519430393,12.82208540625863,0,1,0,Mid_vt,1
7.837342482966159,5.754372122843838,0.7623523437364744,0.4006297213457368,0.6178068041614229,18.15437242631444,1.8199813081689054,9.97503235051335,40.51723728840177,0,1,0,Mid_vt,1
16.602087335542617,5.079852911083584,0.417476384781355,0.15532369148909209,1.1790739196802178,86.53140430538252,18.054970189008763,4.792663925751582,230.69339493341133,0,1,0,Mid_vt,1
7.179273830808623,2.2201797458559427,0.7641927383646389,0.15908596208949657,1.1670381382140804,10.159771128419012,1.693559771699816,5.999062624297995,37.63589245811022,0,1,0,Mid_vt,1
20.629123298884302,4.0958207229297905,0.09781753441365586,0.10130087647461276,1.3306016568561347,80.59848040073466,17.827232742021838,4.5210875724278985,259.62505955327174,0,1,0,Mid_vt,1
10.974343270966544,3.2680404614385106,0.546925482906176,0.1518259893477582,1.3411035116766092,42.821211118606946,11.856935194131182,3.6114906944757634,107.8219699997121,0,1,0,Mid_vt,1
3.5712362820047425,3.4197334980772176,0.7671475737775192,0.5680740576485599,0.6877101271028615,1.3643539208718294,0.6319505863056557,2.1589566501516497,3.1538039401280398,0,1,0,Mid_vt,1
3.9180504132035767,3.0454103477751224,1.0192387011265973,0.4259342136710827,0.7093867897650676,2.822493069917563,1.2431066371258164,2.270515646544565,6.704539635779639,0,1,0,Mid_vt,1
6.54514016325143,2.4968667475009023,0.7747911696004556,0.20332592539263356,1.275984766409911,15.909954175087272,7.975473417495849,1.9948601596722146,42.840580718933225,0,1,0,Mid_vt,1
21.696942609299516,4.979201039367148,0.16121704157667388,0.11427797776862526,1.390858602357266,116.87559091263545,39.47611406389776,2.960666055515381,354.32077324216743,0,1,0,Mid_vt,1
18.194310567026594,3.601801818376786,0.26884165398986637,0.09934540023180695,1.4128536219881096,85.92397079463656,17.357194331870346,4.950337546020764,268.54056194887977,0,1,0,Mid_vt,1
7.90227060967151,2.632387881136313,0.8157495026522777,0.16574240210524366,1.0637828494359336,21.72834949877296,1.0230660425611648,21.23846222515387,59.97357645460184,0,1,0,Mid_vt,1
6.972016012156232,2.5484473197417907,0.8859714595530492,0.19390369588420914,1.0810663323532153,15.65666134516201,1.6034246384363227,9.764513385818095,35.76816721977149,0,1,0,Mid_vt,1
6.9640264726963546,5.994890349530326,0.9515016379172062,0.48583630383940773,0.5870307755709663,4.248535499355636,3.412841729714502,1.2448674259825825,16.06587415469145,0,1,0,Mid_vt,1
16.96122896411733,7.609726102986223,0.45136755386083843,0.23053983190158844,1.1154047143141261,121.5466987646441,44.702301659433246,2.719025514405361,310.30598152075453,0,1,0,Mid_vt,1
20.322408434465345,3.558695972654944,0.2529453065983516,0.08774108050074393,1.3360022159271474,59.39598077487064,12.601700786801091,4.713330508297853,215.91209198176887,0,1,0,Mid_vt,1
19.686254309548236,3.043004907923629,0.3341493552050733,0.0787278340310174,1.4283885626047956,26.765954842430535,8.03407551514121,3.331553803793203,137.10541903825342,0,1,0,Mid_vt,1
15.738216255979903,2.889602963228175,0.40050455678619323,0.09326810148143921,1.3128530205151756,20.37799191144693,10.287217953501617,1.9809040698423777,71.29101635320845,0,1,0,Mid_vt,1
26.04941772349031,5.933790152987926,0.13724886902465513,0.11532221617691955,1.46813436188412,237.88963557383278,68.42691438229673,3.476550677775105,625.6716182312033,0,1,0,Mid_vt,1
3.640101837815008,2.1096556461603093,0.8771094268113598,0.3150588747888118,0.8550402377441546,2.57748355383619,0.15843104251368384,16.26880384640258,4.268366812357803,0,1,0,Mid_vt,1
9.68631707515287,2.153781120863686,0.29860636724092526,0.11350934657953111,1.1695887530452003,8.414574474908873,2.2867479761923066,3.6797122212479616,34.53807183795283,0,1,0,Mid_vt,1
32.6177414371625,6.238527024056993,0.16518204691725855,0.09656636660544181,1.479799566478494,327.8045152051889,73.28925591758895,4.472749942690003,877.0708661061637,0,1,0,Mid_vt,1
11.051051292725584,1.7323875199990297,0.5069905279820481,0.08398224784338947,1.4041055132100644,5.014474467097049,0.6085300729172641,8.24030674943951,16.101455242375916,0,1,0,Mid_vt,1
27.70113696172699,4.851244079993381,0.24383814255704273,0.08936047710576588,1.4435146885368333,178.25658020526572,16.855491625889208,10.575578817972438,430.47016970339627,0,1,0,Mid_vt,1
51.12492226310573,7.476980451503115,0.06861665292166062,0.07276737969580535,1.5163658340132553,359.5166852145451,93.21119916216095,3.8570116943682744,1284.9354086778058,0,1,0,Mid_vt,1
11.021887487106032,2.9891651913123836,0.6493154631836963,0.137145865600681,1.2166011568911563,39.90339345294879,7.435362761371395,5.366704320098152,109.36020252656951,0,1,0,Mid_vt,1
31.546875779632515,6.328764962166999,0.2097861284106734,0.10244556629950653,1.4346279922994951,254.26713394532047,64.90483504383145,3.9175376345014836,737.0401531188757,0,1,0,Mid_vt,1
15.547092405984763,3.8438230386174927,0.6036513302426537,0.12571788514781967,1.1179778390210275,37.01425103433441,6.969285678604082,5.311053778146773,113.14765853311272,0,1,0,Mid_vt,1
10.453035559644125,2.343881142541383,0.7214318943985273,0.11500095773906435,1.1599916938149948,10.795390494808672,2.2049950636559172,4.895879665557954,36.76323647876228,0,1,0,Mid_vt,1
5.3592830678035295,3.177805972687588,1.3905954430192813,0.3131860764999109,0.843729145705395,5.1979930101406895,1.488479711987408,3.4921490486426343,14.7077065003209,0,1,0,Mid_vt,1
16.651652701374907,4.344108449621435,0.4804749291130309,0.13227279458531357,1.1373814999415508,56.58343502595541,14.218315841966989,3.9796158458474324,170.61045074376815,0,1,0,Mid_vt,1
6.90666501080471,2.239320628574227,0.7663197864496047,0.1732972118137508,0.8362694999493627,6.550086621354726,0.8380539482906765,7.815829320671428,24.881973621473417,0,1,0,Mid_vt,1
3.5843280623039293,2.57399705112901,1.270462545594769,0.3977834812443927,0.5163812023019128,2.069432646152558,0.9276870624575224,2.230744320903273,5.580656123025467,0,1,0,Mid_vt,1
37.5092204770339,5.07504659999236,0.07121262822526435,0.06701562679382399,1.5682358930666076,284.6625786719764,48.75637442916157,5.838468959285814,945.0325662117615,0,1,0,Mid_vt,1
11.330300048860899,2.4156009597759134,0.6191584618796222,0.10817692542318083,1.267072409514021,23.846894378086233,4.013709959581687,5.941359644375394,66.80166338619827,0,1,0,Mid_vt,1
15.870275727784199,3.764472457659334,0.41787221515521805,0.1195995911982569,1.0943045755150902,34.55675995621524,7.929835671862727,4.3578153931779795,121.0776420483349,0,1,0,Mid_vt,1
24.006206327047913,5.029944799540094,0.24056068868630878,0.10500101038553465,1.368459141751312,111.44024471341226,31.748225847223562,3.510125109027404,366.5041003500104,0,1,0,Mid_vt,1
14.976567443963765,2.815400502568602,0.4902769555386031,0.09652861697427258,1.558556570753001,60.903394164190296,8.25797574249638,7.375099668890436,185.35045714672327,0,1,0,Mid_vt,1
41.602822532496454,7.19545588846018,0.11714687441349926,0.08600326138157735,1.554255933193485,577.1565434746311,79.79336846629064,7.233139226581913,1512.7576366517253,0,1,0,Mid_vt,1
39.815824018815896,9.806178002620754,0.07251741658020615,0.12290456976550483,1.2855997450321925,266.9300412610412,81.66017892606598,3.2687907958506437,887.9398899947788,0,1,0,Mid_vt,1
3.79757582104729,2.5644502434700875,0.8696036179015019,0.3754033172824327,0.8823675981261896,6.352494177602445,1.661377118761059,3.8236316763166323,9.836367966807128,0,1,0,Mid_vt,1
31.683094109902118,6.6741561239531295,0.2492582687182182,0.10434914638521842,1.5350759066019826,398.6476763472605,79.45374290751437,5.0173555298872925,1004.3818596315925,0,1,0,Mid_vt,1
46.55813543054254,7.778187241674641,0.04310098409727108,0.08362755744425339,1.5383648639041902,614.8301182758102,105.55229050378118,5.824886559461116,1664.2258822849083,0,1,0,Mid_vt,1
10.073278761763463,3.9587677490063014,0.5464130983877368,0.20851719209325076,1.069678333158498,30.450285455789988,9.505817574455138,3.2033315616763622,82.9893735183606,0,1,0,Mid_vt,1
18.01978710549535,3.499533297673575,0.6017129746003135,0.09781926582519887,1.6208690221747026,77.24243184887895,10.131419772319887,7.6240481181041835,162.50518177524353,1,0,0,Sub_vt1,0
42.619738943524744,8.211568740990364,0.28139895331653564,0.09623050973633115,1.5872103289100798,688.7800751587286,150.0150132935049,4.591407620056853,1543.6074737578826,1,0,0,Sub_vt1,0
21.909565169038775,5.157594762871369,0.3610133455373305,0.11988664783330463,1.2927142240874172,85.66239145771146,19.055297092215675,4.495463442168299,294.32425897480107,1,0,0,Sub_vt1,0
9.116235549932648,2.8193021240805085,0.9188847670512018,0.15559226879788274,1.0655230050458786,8.424664222248298,2.71832244452344,3.0992144582484435,27.026210817860434,1,0,0,Sub_vt1,0
17.724370741386007,4.973315464383175,0.4600981002563325,0.14405939388585073,1.5031609959266827,156.45864171437537,32.82174471034358,4.76692031746467,297.2098548572261,1,0,0,Sub_vt1,0
15.877350536816552,3.2625441839392826,0.6829430103857036,0.10267942512867446,1.7321848697984834,58.19911937706044,7.984411882734358,7.289092826349716,88.82811102223192,1,0,0,Sub_vt1,0
30.110614200709403,6.05448961172112,0.23791694698198665,0.10167586802164721,1.4585369056947395,246.30676745162845,46.05920588767783,5.3476121158554895,712.5566833034685,1,0,0,Sub_vt1,0
17.97083922335273,4.194837914362138,0.5330120424174466,0.12072042607741826,1.426813983931962,85.72918936788277,21.043513012558662,4.07390103148272,252.92064114020164,1,0,0,Sub_vt1,0
22.467978777869455,7.000004457952537,0.4451946947537575,0.1567773029967958,1.4628953303522099,219.97904638075298,83.23554236071641,2.6428499189376775,572.1322190797737,1,0,0,Sub_vt1,0
52.049904902888606,6.939051167256295,0.2157409483831494,0.06660292964288467,1.556892770765168,368.9691812174809,71.08277147064436,5.190697739885637,1479.9680535910836,1,0,0,Sub_vt1,0
20.925617128664307,5.791548903208449,0.4700036292457356,0.138991580994108,1.3056940947939277,127.87126390977583,33.83402280672536,3.779369205968562,307.4217004125656,1,0,0,Sub_vt1,0
13.327294867620376,3.7358742012832606,0.8346314465835203,0.1421959514529716,1.660821122125868,79.06129428405352,31.741091740088006,2.490818366660072,154.75902545208993,1,0,0,Sub_vt1,0
15.015721200616262,2.3926319598971686,0.49278057511078066,0.08192286492479728,1.4254569105076718,5.6254890686250025,1.7839357175741726,3.153414673637816,27.696459088529654,1,0,0,Sub_vt1,0
6.369126410957489,2.0807669021310162,0.7615109233693355,0.16859845131153647,1.1380251802568708,10.02843964288132,1.3992761122130113,7.166876898242006,20.701155498234396,1,0,0,Sub_vt1,0
27.823671693995454,5.967944709538214,0.24976030565867471,0.10717346360814532,1.3770671002615713,191.89959235217685,34.55631990811922,5.5532415738253675,579.9364648488764,1,0,0,Sub_vt1,0
26.899364201039756,8.583673863243936,0.46319757477673607,0.1624682714115062,1.2823052946598021,321.2491781160216,24.95152492662421,12.874931654908062,685.4597676485777,1,0,0,Sub_vt1,0
15.987633609902021,4.973047711882664,0.5682602425517638,0.1594779041907679,1.2124531072858062,50.877318565049045,25.399205752626806,2.0031066743017063,173.80286631349725,1,0,0,Sub_vt1,0
12.579708799357942,4.459113412222234,0.9345441721835054,0.1830910080261942,1.4127899522628313,32.78041305921073,30.666375990193675,1.0689366448025377,113.28314336262524,1,0,0,Sub_vt1,0
34.12198180577727,7.521557529019068,0.16728119394155638,0.1115146128391109,1.5140493666630621,321.0552023685255,84.55914486919477,3.79681231243727,802.3340168693084,1,0,0,Sub_vt1,0
44.97495377864615,7.341542497573564,0.10043098245274779,0.08155026416867756,1.6186580845784493,388.01535553358326,121.58339020197599,3.1913516713837873,1321.0368288453765,1,0,0,Sub_vt1,0
12.26178936224223,5.814251566906917,0.99714282850325,0.2455778591111359,1.3121100737430125,65.19422597130513,46.12851958910805,1.4133171095024455,131.65857472263102,1,0,0,Sub_vt1,0
15.34430590365386,4.596947956662997,0.5501370439808789,0.152706946151936,1.6045915343438806,137.97803808821757,79.75976934856823,1.7299202243830765,254.0760941429553,1,0,0,Sub_vt1,0
9.651437330790216,3.0939901254300093,0.775966382381774,0.16404215389010215,1.5145235630563443,43.49734538917583,13.013066998217301,3.342589828757099,62.66922667097054,1,0,0,Sub_vt1,0
17.92659353293082,4.3436802551934,0.4433464045445188,0.12262778666467754,1.5925841532753948,109.27632396406285,55.7361185994957,1.9606016118433405,297.4191049233919,1,0,0,Sub_vt1,0
12.020971907180755,3.484363934931165,0.6759941013336959,0.1506528920081123,1.6548566922352512,149.3870176724941,29.29081547119684,5.1001317399098705,210.22369403092537,1,0,0,Sub_vt1,0
19.502472453535393,3.7997076346735854,0.5274800586711279,0.09912192940559385,1.6392451085368958,55.24805600962215,13.1040351137117,4.216110192791845,117.59716003546518,1,0,0,Sub_vt1,0
17.053526232911143,7.046144865652426,0.6390799592896695,0.21028083274850806,1.390877525201237,228.0053126834374,52.4095353429735,4.350454763457579,366.6687725999341,1,0,0,Sub_vt1,0
25.536705555507908,6.033060176095567,0.5868902058550818,0.11936791047212447,1.6825949926821049,432.84932893150415,59.02689340836642,7.333086732803602,767.5468579265455,1,0,0,Sub_vt1,0
31.110159995483226,5.815913214156084,0.5276529438985159,0.09494858222524206,1.5147866326467005,229.59584282505972,35.02242363911836,6.555681159901574,695.2334527167304,1,0,0,Sub_vt1,0
23.278804591437314,5.767651547598777,0.47660431327708763,0.12648547014674472,1.2967012572965946,116.13820951320034,20.02610836261136,5.799339912193313,350.0486577423729,1,0,0,Sub_vt1,0
20.448770440298325,4.962433762674666,0.366206835564092,0.1247161931254026,1.2893847897097364,82.41273076631039,31.213020803333972,2.640331779662531,299.81317632403574,1,0,0,Sub_vt1,0
27.820391607716207,5.601352633392778,0.27470730785561154,0.10073707657653741,1.4508389406727622,144.41418692375117,76.98127645028909,1.8759650863545645,465.1502912162251,1,0,0,Sub_vt1,0
18.567610223048273,2.224377769876378,0.3125924313685436,0.06108711453122757,1.4212128367574615,32.995872618903675,1.809994411817656,18.229820160476702,135.6541493283314,1,0,0,Sub_vt1,0
18.759136699716468,3.659831346612534,0.43869893586286784,0.0978730345163399,1.414676688928118,120.16780747565969,16.98112621887812,7.076551103075113,289.3985077742727,1,0,0,Sub_vt1,0
12.15103444279533,4.388141295036194,0.6931471805599453,0.18456498739104016,1.2437183525117996,53.30778928023627,28.803018371871197,1.8507709362952127,150.20629787239395,1,0,0,Sub_vt1,0
18.169767964603444,6.630962277962952,0.49135264663933176,0.1868208823011326,1.4047228746257494,198.65105409621006,76.68013858785957,2.590645475537281,437.54966192145184,1,0,0,Sub_vt1,0
27.1037902124712,5.246837889505977,0.40245758704420914,0.09732645033580734,1.2256584278772813,68.5960584234059,32.486801822839126,2.1115054291118605,347.3543853971065,1,0,0,Sub_vt1,0
18.93985584155849,4.529136974921038,0.516979489340369,0.11978144474295026,1.477522912653145,79.57302954319685,20.58804943098716,3.8650106125853356,252.20414095036455,1,0,0,Sub_vt1,0
43.81540417841078,7.266014828618872,0.18994140517235944,0.08311859929450671,1.6193002614392384,631.4278987244287,126.54359098054813,4.989805440415309,1523.0105457546413,1,0,0,Sub_vt1,0
8.200124212526847,2.9502275631769357,0.9313663942796024,0.18327499130270375,1.5126446228398953,31.08487088542734,30.16075325571971,1.0306397397264067,72.57967459908222,1,0,0,Sub_vt1,0
11.083324478016909,4.121839088869844,0.8813437017969207,0.18892241549775335,1.5298232394772033,121.08867269184904,36.870721803883185,3.2841416377993475,198.06113561323747,1,0,0,Sub_vt1,0
13.262408580267046,3.5448131623523724,0.7893106027368543,0.1367763850215621,1.559524257286468,24.70230191152416,27.767863599758435,0.8896003764488045,95.3139021255256,1,0,0,Sub_vt1,0
13.65513131481311,3.8712196411364204,0.8045867422941538,0.1451371016482309,1.5400726143349164,25.705436590248375,14.096250627830564,1.8235655188690756,82.47556101246548,1,0,0,Sub_vt1,0
18.298743460638555,3.721339564621868,0.36002792961210356,0.1031955260259448,1.6324327806669894,173.1428954810104,27.07953565892378,6.393865007945695,350.96284794298276,1,0,0,Sub_vt1,0
19.05310578493508,3.1220053931085983,0.35594475040501067,0.08280880237262433,1.5833975044804562,121.19860289905293,6.872072331302163,17.63639802610859,296.00839645944023,1,0,0,Sub_vt1,0
10.25147743125963,1.8673534181386153,0.5839160490661757,0.09485214341020728,1.7819542211978148,40.14209722251655,2.735963318815722,14.672015866021292,79.42146269300513,1,0,0,Sub_vt1,0
17.292412494569753,2.576388300168877,0.3314471004185398,0.07600399296988851,1.5559200394974184,101.67528850025955,4.953231321859408,20.527062415104684,264.58525553669625,1,0,0,Sub_vt1,0
9.916357975477956,3.2881817241912192,0.5459329447293441,0.1688764656792413,1.487453697000926,72.87988383468095,17.010828996717276,4.284322877429736,126.08019270788918,1,0,0,Sub_vt1,0
52.35820718289429,8.66561467828994,0.19219674596165934,0.08288432129663029,1.5392485503614977,625.6637310827551,201.09514408683214,3.1112821442003384,2025.861368390713,1,0,0,Sub_vt1,0
8.991253932594466,3.542833488971541,0.9837320126696876,0.1987941888591953,1.524365850393065,63.46768183195843,11.020180038672429,5.7592236795801215,103.60693142600883,1,0,0,Sub_vt1,0
4.6892589341910975,2.9270530686491285,0.6179237593223578,0.3337411384000529,1.1701413318009617,14.454137811044886,1.9047955515206278,7.588288307113025,18.009524825812562,1,0,0,Sub_vt1,0
19.012626708858047,5.3711383814361895,0.42830460007798715,0.14167004171708028,1.4683467702786086,128.30388184631386,61.128109619394564,2.098934232469802,346.34933452314516,1,0,0,Sub_vt1,0
11.67615731569085,3.1287510702603947,0.8229953277681715,0.13637176694401038,1.3133464100752943,35.24316941316099,7.84247911399733,4.493881195074993,105.16709626687336,1,0,0,Sub_vt1,0
25.739663828172763,4.97176753317676,0.208466836898277,0.0976679634205449,1.4529368427743883,165.38897460098352,40.867338636042675,4.0469719859643565,544.1528635279282,1,0,0,Sub_vt1,0
8.414813214146768,2.7753143668869686,0.6709733230656232,0.17137485008485512,1.3021906025189867,14.044624499763481,5.992778553256176,2.3435914367522113,48.65877212629932,1,0,0,Sub_vt1,0
7.486884302969814,3.7818859152221984,1.0670069492527785,0.26689896148028264,1.2757036232303394,39.81474424290053,12.838674392637408,3.1011569438767825,72.2552380554996,1,0,0,Sub_vt1,0
15.806844480727756,3.94560948630794,0.4477164135989747,0.12506987305939168,1.5019471449872936,141.7787625397018,42.06066070634972,3.3708163437931455,315.7377027383394,1,0,0,Sub_vt1,0
35.3244934059051,6.974626964013504,0.2623121824904474,0.09855862047585214,1.444544008267459,325.7241255989432,65.17607872731517,4.997602371288913,989.4606604860919,1,0,0,Sub_vt1,0
28.23153637969249,4.813302148031999,0.22648245257972438,0.085376455116057,1.5327028102152667,137.70971805585805,49.4785982038921,2.783217856908191,548.3904158675513,1,0,0,Sub_vt1,0
19.59829594275854,4.115793304469173,0.3041659621734703,0.10882350617010698,1.4055540733578669,112.81073684463306,15.89735009653326,7.096197552397976,340.70715339416205,1,0,0,Sub_vt1,0
64.15987367724202,9.877762035869075,0.12825433552367885,0.07705589061612814,1.6074544293830053,1259.439388510849,166.53076711911257,7.562803020117142,3043.3745384709587,1,0,0,Sub_vt1,0
13.79337408717778,3.655493773789701,0.597560719499546,0.1362971307447194,1.6881593460523767,172.83088090498538,22.987910028491434,7.518338147781906,290.4280334907452,1,0,0,Sub_vt1,0
14.416986636975214,2.6321711098307237,0.5374938708481519,0.09334452748287092,1.8411567008765675,210.67924305176345,10.27638158934334,20.50130595288899,261.8977010081544,1,0,0,Sub_vt1,0
9.478462486631189,4.011017933609377,0.6900843910293996,0.2184706357840494,1.375008134976784,42.317474995249384,28.939484661524773,1.4622746565874662,115.64173310147406,1,0,0,Sub_vt1,0
12.248884539084306,2.8489000145375853,0.6512774592350872,0.12000935656245697,1.739161561096387,33.86982418785874,6.153063771181406,5.504546263032738,54.58358151019643,1,0,0,Sub_vt1,0
23.699216833248695,5.1036712620557045,0.2545999231955269,0.10832171034475375,1.464416607790241,169.58418286343465,29.53773272182123,5.74127284787004,496.2119684950532,1,0,0,Sub_vt1,0
13.072282594301093,3.6424729996315737,0.676939370333092,0.14304401578719378,1.3666707206336062,29.11284958596013,19.667154618018685,1.4802776584309494,113.05843316232523,1,0,0,Sub_vt1,0
14.973036415736257,4.683787811825106,0.7509667514487716,0.15860380782703853,1.296130059959256,20.302590650452913,39.98026217448705,0.5078153455283938,96.16987564770011,1,0,0,Sub_vt1,0
30.71336165084119,4.027216835439183,0.19533179352996943,0.06537211518797864,1.5517857540511353,115.65937321189713,47.454622055510306,2.437262551087309,477.83940090845584,1,0,0,Sub_vt1,0
7.994386755448681,2.037884860428137,0.7526024395458004,0.13682589875307474,1.651729390712827,51.02775899298126,4.247867946044308,12.012557744526696,68.67636215099154,1,0,0,Sub_vt1,0
8.324495352160687,1.9654570905164077,0.7187677108852933,0.12538984202970146,1.717929412923042,16.579186516025224,2.1433663570514754,7.73511558650776,28.057192724780123,1,0,0,Sub_vt1,0
6.107036796446714,3.151222193622789,0.750855498180592,0.2704146917478168,1.2091453075457679,32.055710753599,8.28672970401485,3.8683186128381,52.364843620053854,1,0,0,Sub_vt1,0
4.465716796952101,4.107842154442687,0.6087528156326167,0.5347816407211523,0.5288167641004503,2.311999379780942,0.7419630864816981,3.1160571488053024,7.038526415306128,0,0,1,Supra_vt2,1
4.512489817068714,2.4410763858788345,0.6059333129348156,0.2821567618368284,0.8121786046207594,4.842557843720849,1.7560788528681426,2.75759703831731,14.24506990751506,0,0,1,Supra_vt2,1
1.7949481483590537,1.9515111424733635,0.6955443051596668,0.657099886262301,0.6147418632218842,0.40508049971625865,0.6619050281212908,0.6119918757318,1.4072220977806806,0,0,1,Supra_vt2,1
9.96915533340505,2.331176501046758,0.525966237956359,0.11833427126479316,1.289521859763328,24.854485054894663,4.3642846801313,5.694973375143555,68.78853209533399,0,0,1,Supra_vt2,1
3.291892771491424,2.3575136487032866,0.6568894325373211,0.3930540287378091,0.8969903186413651,5.771891594118883,1.3965113417365673,4.133078924329761,12.216324815185626,0,0,1,Supra_vt2,1
24.802601694652775,5.145234540075015,0.1337292204753726,0.10485529814819121,1.470427741773218,185.34017511861998,42.943259186073206,4.315931734839704,509.66059419506536,0,0,1,Supra_vt2,1
12.94968348420376,3.9257672213177877,0.530833190093526,0.1573320580445708,1.0999920530391507,30.74254378209193,6.260377831018776,4.9106530966500905,98.34098238106736,0,0,1,Supra_vt2,1
5.493277623120719,2.3915025785859685,0.838888213991162,0.22963982309942263,1.116247962742737,11.780367617757701,3.4322514703543305,3.432256557979287,29.220284721949497,0,0,1,Supra_vt2,1
4.686438466044152,2.976954374834934,1.1188734738079316,0.34667756805828637,0.3692271537610005,0.23891642846662586,0.08034642734695,2.973578743395058,2.0436791225518225,0,0,1,Supra_vt2,1
4.816440942094484,2.556303485980265,0.8855800469582206,0.27353139669784776,0.5935494843339069,3.0525232996321985,0.4965451413133858,6.147524254407419,10.759129041413443,0,0,1,Supra_vt2,1
2.3708633772858962,2.2509883909329513,0.9194856227706742,0.5324013654787944,0.7384789151173661,1.1331782260207777,0.9819545834480872,1.1540026851768193,3.589714478436802,0,0,1,Supra_vt2,1
6.024972002703201,2.8475305499918333,0.7359830609693925,0.25033832727946703,0.851927129048793,6.108989954959202,2.488844706276409,2.4545484656207965,20.997257053809196,0,0,1,Supra_vt2,1
2.167910146096627,2.1036057633797434,0.7631573461325942,0.5732411729752059,0.5149873927091471,0.16993591111904696,0.2710276811402053,0.6270057375841895,1.2445348555325622,0,0,1,Supra_vt2,1
2.4979075252788885,1.981180870178926,0.7270947716914484,0.44547646527463997,0.7024232061508555,1.6251052402105153,0.5564994870163416,2.9202277416704865,3.940848261469399,0,0,1,Supra_vt2,1
3.7403421098989162,4.5283195501852695,0.7234795684091809,0.7719634816332369,0.5558198581384719,1.3289410321082695,0.9571996398357354,1.3883634894976857,2.575838367583335,0,0,1,Supra_vt2,1
7.853952852430853,7.724735652705002,0.13516939462876104,0.6168985913284483,0.35117421543589666,3.431793204320601,2.0914909398311696,1.640835797547191,13.603417284877887,0,0,1,Supra_vt2,1
7.399883437259929,7.859964455562098,1.051393216730719,0.6631136820475723,0.27551494881760197,1.0125366581871256,2.3040276775597737,0.43946375646820207,6.154131247969228,0,0,1,Supra_vt2,1
10.66641608700324,7.538699053623026,0.827879774530102,0.37880894204511795,0.672003938602296,24.727219069183043,6.001442766414705,4.120212427511863,67.97696399060555,0,0,1,Supra_vt2,1
7.64783969802331,3.0228523172762,0.9493061101283492,0.2042358515932488,1.1162005115293394,17.726773404983035,5.414562760682744,3.273906719431542,48.83456639712011,0,0,1,Supra_vt2,1
8.977633461053902,6.058169199971554,0.8411211884954745,0.36558888182608473,0.5375956563526726,7.980016298877152,2.1766973954986923,3.666111934244719,30.608519274101667,0,0,1,Supra_vt2,1
7.390685441670637,4.16669490279036,0.7862376036259573,0.3020163109251284,0.9027155578191014,15.046866849715247,4.546338645157274,3.3096669703087467,41.57162114724381,0,0,1,Supra_vt2,1
10.205717326869383,5.639447601933432,0.6722404957406317,0.28722561512762196,0.7616913711388587,18.368197257315448,4.395500121152463,4.178864008880851,55.28221083330186,0,0,1,Supra_vt2,1
4.671162643814421,2.4472026184998366,0.8567766043417473,0.2676675924787989,0.7788647216242093,3.0790556139862857,1.4726810387367477,2.0907824118028104,11.449793587309793,0,0,1,Supra_vt2,1
4.457080590544228,2.3482714503504534,0.6379886135521895,0.28385363390460433,0.822293366966851,4.633851465100992,1.344492210621702,3.446543928252488,14.855504494925103,0,0,1,Supra_vt2,1
4.67485418901038,2.265457349955374,0.46199639633359935,0.2648700730123128,0.9174498407428116,6.498353925114113,1.6171016689758595,4.01851908867897,17.763055358085303,0,0,1,Supra_vt2,1
5.060032756500157,2.229983348336128,0.3891767068432687,0.22932970469750122,0.7651029078863613,4.01633048481143,1.0625196719911776,3.7800057643024787,13.302583137215711,0,0,1,Supra_vt2,1
3.3780827506011883,2.2529793245728196,0.7565167944925346,0.3653220247897867,0.5393827440724172,0.23708009995255114,0.20504127613840406,1.1562554838593606,1.8774023695794884,0,0,1,Supra_vt2,1
15.327769814533301,3.2038737996200464,0.36939371634650703,0.10608140322885513,1.374918554469924,59.7905684795658,12.282226433417689,4.868056195160725,177.99131153240657,0,0,1,Supra_vt2,1
17.226232041520863,6.753003383488776,0.31356790090007947,0.19557229190893932,0.8015975986736946,48.37875686313005,9.8417633497305,4.9156594345925635,155.5263850964922,0,0,1,Supra_vt2,1
20.505188142676573,5.026634133738331,0.209449320023484,0.12385887285204247,1.26892063868592,99.31222832823117,22.97183891799891,4.323216294644047,293.40558503248593,0,0,1,Supra_vt2,1
13.369641081216,4.670040446836632,0.6329786590934924,0.17786344528512815,0.8442876090567359,23.547178691760575,4.869912222830593,4.835236779293321,86.84539781970855,0,0,1,Supra_vt2,1
4.196011628122243,5.599589111639798,1.171958936080072,0.8996688039388934,0.3553692896937233,0.599022369276468,0.9690165440835983,0.6181755852713178,2.2741228784976,0,0,1,Supra_vt2,1
